date,text
2018-04-23 17:32:50,@natasharosexo Absolutely not This is war
2018-04-23 17:32:50,#HaveringDeservesBetter than Cllrs who are only interested in their  allowances Our communities need representa httpstcoHXG672vDhz
2018-04-23 17:32:51,@bailey2_bailey @MattDoogue @wextweets @Fotospeed @visitlondon Thank you
2018-04-23 17:32:50,MSC containership #MSCAlgeciras seen passing cruise ship #MSCMagnifica on the first day of a busy week for #MSC shi httpstcoDcUYeWA7rs
2018-04-23 17:32:51,This is the coolest thing Ive seen in ages httpstcopseuEAllkr
2018-04-23 17:32:52,Rote-learning They keep using that word I do not think it means what they think it means Cant add the gif httpstcoCfSQy6HEKa
2018-04-23 17:32:52,@_MandieLand_ Not fat just more to love 
2018-04-23 17:32:52,Great httpstco2kMWA3UhV4
2018-04-23 17:32:52,Tomorrow night we have a fantastic evening of poetry to look forward to Hosted by the exceptionally talented httpstco4DmpR4pK5x
2018-04-23 17:32:52,@KensingtonRoyal in honour of St George and Prince George we purchased our Retreat this day 4 years ago Another bl httpstcoJLWACi5E3d
2018-04-23 17:32:52,@JimDicksLambeth @LambethLabour @jack_holborn @paulineukno1 Steve discusses with Hazel &amp Maude why in Herne Hill it httpstco7EglsA8IEJ
2018-04-23 17:32:52,I am probably going to be blasted but why do we need a #StephenLawrence day   Are we going to have a day for every httpstcomTdV2qHdmP
2018-04-23 17:32:53,@frannyperado @Tanners_92 You on the day trip becky
2018-04-23 17:32:53,@LeGrove Ive got a feeling it wont be a top name but someone whos gona work alongside Mislintat and Sanllehi Ei httpstcoyV5sNf6Zqi
2018-04-23 17:32:53,Since #royalbaby will objectively cost us a fortune for no discernable return but be unduly adored by nationalists httpstcohWavsGTa9d
2018-04-23 17:32:53,@Slimshady1961 @TheClumpany Where was the passion last week He was honking
2018-04-23 17:32:53,@goodoldpj @tj_arnold Lets extend the merseybank estate so it backs onto those million pound houses
2018-04-23 17:32:54,This is shocking   i hope some one is helping this poor gentleman   we should all stand with him against this disgu httpstcotM69FuZYZJ
2018-04-23 17:32:54,@DailyMirror Bet they would if it was a royal
2018-04-23 17:32:54,@ScotNational ye think
2018-04-23 17:32:55,Watching birds but cant be arsed to move @ Kirk Ella httpstcognYvKYQQ1s
2018-04-23 17:32:56,Does anyone know any 247 car parks open nearish to Queens Club for the championships in June please
2018-04-23 17:32:57,Anyone selling tickets for Burton this Saturday #bwfc
2018-04-23 17:32:57,@DavidWeekender My favourite film at mo
2018-04-23 17:32:57,@jeremycorbyn Does this include the workers in the hospitality trade Or just the 9-5 workers
2018-04-23 17:32:57,They recon Phelans next victim in #Corrie is going to be Michelle but thats just Heresay httpstcoRCYEHmZDwK
2018-04-23 17:32:58,Omfg a dispicable letter David with you and all concerned httpstcoAMDl6UcmKG
2018-04-23 17:32:58,The royals are basically on benefits
2018-04-23 17:32:58,Kennedy faded badly conor rowan 5050 for me kal right to have a go back at the boo boys #expressfm
2018-04-23 17:32:57,@Examiner @Hudsonweather @JonMitchellITV @Huddersfield4U What a difference a week makes  last week only a few now httpstcoGPHw3gYQE2
2018-04-23 17:32:58,@BlairStClair If your Mum wouldnt have given you Blair St Clair as a drag name what would you be called
2018-04-23 17:32:58,If you know me and are a #Grime #Mc and are free tonight and want to roll my @modefmonline show httpstcoKAWZSDJkdJ
2018-04-23 17:32:59,@jimhadadream @aylesburyowl Havent we had a labour government before And did they make it a national holiday errrrrr nooooooo #clueless
2018-04-23 17:33:00,@SeanMurray243 No one said that  But its still my body that needs to be used to provide life and i dont want to do httpstco3bUgjE64YY
2018-04-23 17:33:00,@MarkOneinFour Such courage 2 share this here thank you @BreneBrown speaks beautifully about shame vulnerability httpstcoUQET1IM40R
2018-04-23 17:33:01,@StevenTravers99 happy bday hope youve had a good day so farx
2018-04-23 17:33:01,@looknorthBBC Waltham doesnt own the ground theres absolutely no chance of it being used as a traveller site I httpstco4yL5UFjP6Y
2018-04-23 17:33:01,@ianmaxiptfc aw the best Maxy #jagsman
2018-04-23 17:33:02,@JohnLegere Couldnt hurt
2018-04-23 17:33:02,Taking my turn to sit with a breakdown not the way I thought the first day back would go  these things happen t httpstcooemnb5iZEJ
2018-04-23 17:33:03,@writalist silly billy 
2018-04-23 17:33:03,@BenjaminWareing Thanks appreciate it 
2018-04-23 17:33:01,Max Save me so many times over #dogsofinstagram #dog #dogs #doggy #dogo #mansbestfriend httpstconPjpP4kWh5
2018-04-23 17:33:04,Fantastic to hear @TracySh01012017 httpstcoX3qYkrpWqP
2018-04-23 17:33:04,Glad to speak tomorrow at @RICSnews World Built Environment Forum #WBEF on future and #smartcities and #Proptech r httpstcoDiEXOkFSqU
2018-04-23 17:33:05,Sorry Salvador just not my thing  httpstcouskhskLxJY
2018-04-23 17:33:05,Owen Jones exercising all the integrity and sound judgement that weve come to expect from him httpstco0XSNEjsmpI
2018-04-23 17:33:05,@LeftPeggers @bj2029 Had my 21st upstairs in Images November 86 it would have been
2018-04-23 17:33:05,@jeddytee At home
2018-04-23 17:33:06,Imagine getting tickets for the Rolling Stones and finding out you had the date where James bay was supporting 
2018-04-23 17:33:06,@GoogleExpertUK @OxfordRdCorner But as not listed &amp #Manchester leaders do not list local buildings of special hist httpstco6FjszOjg1g
2018-04-23 17:33:06,@Spencer_morg @ItsTJBM what do you mean whats the matter
2018-04-23 17:33:06,OMGstop it with these selfies @ Liverpool httpstcoqt6XmAt0Tj
2018-04-23 17:33:07,@City_Watch I still have the old Rothmans City shirt somewhere its very similar 
2018-04-23 17:33:06,108 watts 95% Battery = 19kWh httpstcouUP8Aim9T5
2018-04-23 17:33:07,@_aeloy_ @Myzrable_G @mattbloomer @TheRythias @TheMoistNoodle @Myre_Test @TheFew_Channel @dolkensp Wtf is football httpstcoPm4ORRHcok
2018-04-23 17:33:07,@RobNicholasco @martint235 @Bertran08023492 @Firmtec @JuliaHB1 Your figure of 30 billion includes tax on fuel VED httpstcosC120zDFF7
2018-04-23 17:33:07,@thescript Would you write sing with @kodaline @BandPictureThis @edsheeran @gavinjames  #FreedomChildAsia #TheScriptFamily
2018-04-23 17:33:06,War is not the solution to the problems we face in the 21st century #NeverAgain httpstcoLQuvuy4pQ3
2018-04-23 17:33:07,@DavidFTyas @smrac1 Thanks
2018-04-23 17:33:07,@peasbloss Hello I went for my paddle today at my hydrotherapy 
2018-04-23 17:33:07,@LBC @BZephaniah Go on @BZephaniah tell it as it is #Windrush is a national disgrace shocking and an outrage So httpstco055mtht34T
2018-04-23 17:33:08,@ChampionBandT Overall bro culture sounds like those UKCBF muppets who film themselves shotgunning DIPAs
2018-04-23 17:33:08,@David_Cameron Be quiet Mr Got Britain Into A Big Mess
2018-04-23 17:33:08,@thePEdiary Yeah our moderation was very interesting Basically said that PE teachers previously had marked everyon httpstcoYiujBercz2
2018-04-23 17:33:08,Started my first day at my new work today and I already hate the train commute to town
2018-04-23 17:33:09,@moonlightdriive lets hope so I was so disturbed by it I had to check out the actual English pronounciation httpstco44G5MSI8Pq 
2018-04-23 17:33:09,@rayray6666 I think I may have overdone the gym 
2018-04-23 17:33:08, 5 stars for TONIGHT AT 830 A gloriously sublime and unique  theatrical experience flawless acting from an httpstcoa7XhyTnaDu
2018-04-23 17:33:09,Important Thread httpstcodQ6a5SBP0V
2018-04-23 17:33:09,We are currently dealing with a Road Traffic Collision on Ystrad Road in Ystrad and the road is blocked in both dir httpstcom1mlR1Ze59
2018-04-23 17:33:09,Your first mouthful of food when your stoned  httpstcoCOBEABBMau
2018-04-23 17:33:09,@LixxieB rest now sweet angel  youve had a big day httpstcoazhSCrsshH
2018-04-23 17:33:10,Madness girls are still dragging other girls down sad to see
2018-04-23 17:33:09,Georges Day httpstcoWSf4h4ANrN
2018-04-23 17:33:10,@LadyBelinda Ah bless you
2018-04-23 17:33:10,For what its worth Im going for Charles Philip or Michael in the royal baby name Whilst Im not a massive roya httpstco96cxyVz4NK
2018-04-23 17:33:10,@james_reid91 Disgrace lad they need rounding up and shooting
2018-04-23 17:33:11,@Burton_Menswear Hi where would I find the procut code
2018-04-23 17:33:11,@DarkandtheLight @UN_Women @EmmaWatson @OurSharedShelf Like the robot in the Belle dress connotations abound 
2018-04-23 17:33:11,@DirtyFootbaIIer @AlfieWarwick best warm up ever
2018-04-23 17:33:11,There are few things as relaxing as sitting on a train looking at green hills and sheep
2018-04-23 17:33:12,Just saying proper magnet httpstconvwlJJWPmN
2018-04-23 17:33:12,@EatMyHalo Im sorry Im going to say it - theyre ignorant cunts There Ive said it
2018-04-23 17:33:12,Im actually crying laughing at @Caspar_Lee new video everyone Go like Subscribe and turn his notifications on httpstcoiDhiGW1faL
2018-04-23 17:33:13,CHAMPIONS Year 8A Football team win the Salford Schools Cup following a 3-2 penalty shoot out win over httpstcovfGpu66GR1
2018-04-23 17:33:13,fostersuk going down quicker than I can take a picture Reviews tonight are of httpstcoWX5lfOsbDT
2018-04-23 17:33:14,REALLY wow  httpstcokP484hdna3
2018-04-23 17:33:14,Kaan Hayes header had earlier given the boys a 1st half lead before SAB equalised in the 2nd half A missed penal httpstcoR9vv7xFb97
2018-04-23 17:33:15,Petition Give the electorate a referendum on the abolition of the House of Lords httpstcoDlgPS3sQzY
2018-04-23 17:33:15,canny wait to get @touchitkim absolutely gazibod for her 21st If anyone can show u the way of vodka its me
2018-04-23 17:33:15,Why dont you like us httpstcon2pMC6yqei
2018-04-23 17:33:16,@ukhomeoffice @AmberRuddHR British people to get British citizenship I love the way this government cares so much
2018-04-23 17:33:16,@Vic_mackey83 @Liddellpool Lol retard Im commenting on a political thread geese the remoaners are not to bright today
2018-04-23 17:33:16,@EmdudsCo Mine was whats Emma asking you lol
2018-04-23 17:33:16,@dj85ftm Speechless 
2018-04-23 17:33:16, worlds gone mad httpstcoKKMsCq2h7U
2018-04-23 17:33:17,So stressed man Work all done till I start my new job In two weeks though 
2018-04-23 17:33:17,Train came On route to #LDN for some awards ceremony photography at #westminster httpstco3SHx5kYX22
2018-04-23 17:33:17,If you need a load of racist fuckwits to report and block there are far too many replying to the following tweet httpstcoM5FU7DLCG7
2018-04-23 17:33:17,@jeremycorbyn @irisstylosa Ill voting Conservative to send the Labour Party a message about its calamitous decisi httpstco9FfOKfLikg
2018-04-23 17:33:18,@Jim7Max Are there not others just as worthy then but are missing out on a day being named after them 
2018-04-23 17:33:18,So @LBofHounslow when are you actually going to finish off the refurbishment of St Dunstans park playground Nothi httpstcouwIU4pf9V0
2018-04-23 17:33:18,Trend Alert Kay Burley More trends at httpstcoDsIlfuEHOM #trndnl httpstco8pHAnhait9
2018-04-23 17:33:18,@piersmorgan Piers at his awesome best
2018-04-23 17:33:19,@JCB_Digger They are obviously a con this is why we have the fastest most comprehensive 4G in Europe Oh hang onj httpstcoJCkLvYonKD
2018-04-23 17:33:19,A few from a shoot in the studio today with ceramicist Katy Tunstall and some of the beautiful httpstcoC36eMzhQiM
2018-04-23 17:33:19,FA have asked MCFC for their observations on yesterdays pitch invasion Likely theyll face no punishment which httpstcokq4z3ti1l3
2018-04-23 17:33:19,I have to say he looks nothing like his parents #royalbaby httpstcoDUMf9569GP
2018-04-23 17:33:20,Site At Hillview Drive Dungarvan Co Water  45000 | Site  For Sale | httpstcoVSdRwbmK9H | #waterford #dungarvan
2018-04-23 17:33:20,Open tomorrow till Friday 6am till 5pm and Saturday 7am till noon for all your quality meats and httpstco7L3b8tkgmn
2018-04-23 17:33:20,Thai Red curry for dinner tonight #thairedcurry #thai #curry @ Chilton Trinity Somerset httpstcog3GvXsiyUP
2018-04-23 17:33:20,Someone give me some motivation for the gym right now 
2018-04-23 17:33:20,@MatthewDaddario You dont need to fit in    Besides there wouldnt be a category for you to fit in     No one can be on your level 
2018-04-23 17:33:20,Trend Alert #TheHardYards More trends at httpstcoDsIlfuEHOM #trndnl httpstcoj9Mel5lwcE
2018-04-23 17:33:21,@ArenaNewcastle please help having transport issues what are the stage times for the Manics tonight
2018-04-23 17:33:21,A stop at the #stepping #stones at #BoxHill #Surrey on the way home    Instagram for me is a httpstcopHJC4Zyiz2
2018-04-23 17:33:21,The Excitement is building  As We Gear Up For  #SocaFrenzy GIRLS GONE WILD FETE &amp Xtreme Mas httpstco5qT3yA0Xk7
2018-04-23 17:33:21,@edwardedark @RobertMackey @BBCLinaSinjab @mikelayestaran @im_PULSE @RamiJarrah @EliotHiggins @DannySeesIt One in every thread eh
2018-04-23 17:33:21,@alstarmusic Can @RoadTripTV  @TheHaraBand  @TheVerseOFF and @CalTurnerUK do a massive tour like the Christmas tour in 2016
2018-04-23 17:33:21,@FWPodcasts @WFDPod Is the #JLMay podcast crossover promo actually intended to be longer than the month #classictunedestroyed
2018-04-23 17:33:21,My bestie is gorgeous@miawhite88 httpstcoEjH2pBtAE4
2018-04-23 17:33:22,@MarcBenamram @HKane Why dont the Liverpool cocksuckers get off this feed and start by concentrating on their side httpstcodiGMhTNhCK
2018-04-23 17:33:21,Another great #vaccine training day in #London - thanks Carol  httpstcogOf4mW7aRv
2018-04-23 17:33:21,2 exams done today one tomoz  time for some last revision and a bevvy  httpstco7fuWeH2sLd
2018-04-23 17:33:22,This is definitely me and my mates  httpstcoOqjyKpKSDy
2018-04-23 17:33:22,And also how am I getting emotional  you hold these females accountable and they just start throwing out words httpstcoYo3qivfuFz
2018-04-23 17:33:23,Back to the hotel at @TravelodgeUk in Maidenhead httpstcoLl1wDd7Xjt
2018-04-23 17:33:24,@DerekPluto a bheil thu deanamh requests Diane bho @camcountry ma tha 
2018-04-23 17:33:24,@_robinsonlewis It is Lukes very reliable
2018-04-23 17:33:24,Want to help Bader Radio Its easy just listen in and share our link Raising listener numbers raises our profile httpstcot5sOiqzD7T
2018-04-23 17:33:24,Delicious lunch with my bf at @Rocksalt_Kent for my bday lunch Best mussels Ive ever had #seafood #restaurant httpstcoMq0zAg0DkS
2018-04-23 17:33:24,So hard to get back on track when your diet slips Come on Ashley you fat fuck
2018-04-23 17:33:24,@ringside_rant @rj_kruszynski @VisWrestleNet great interview @CoveyChrist is another guy wholl Ill be looking out for Thanks guys
2018-04-23 17:33:24,@LufcColin @dusty_gaskell @racecheck @LondonMarathon You are so welcome xx
2018-04-23 17:33:25,@pig_witch I could hardly even walk so that in itself has impressed me 
2018-04-23 17:33:26,Great work guys  httpstcoszMDYOPJMK
2018-04-23 17:33:26,@AndrewJordan77 ErrrrI will get back to you on that
2018-04-23 17:33:26,@GeorgiaCorke Kos in Greece So looking forward to it but defo need to get swimwear shopping as Ive just tried my httpstcog8MofkyfQW
2018-04-23 17:33:27,Any favourites for the name of the new #royalbaby #nefollowers
2018-04-23 17:33:28,What a fantastic achievement well done to all  httpstcoAa1dsXnweH
2018-04-23 17:33:28,@JonathanKirkup @rugbyPhilBB @DanThwaite @Wyn18028668 @longy717 @mike_hancock13 @dairoberts85 Easier said than done httpstcoLSoyUbIEgJ
2018-04-23 17:33:28,Beverley Folk Festival cancelled as company goes in to liquidation very sad news a great festival Lovely memories
2018-04-23 17:33:28,@ItsAbuu @fraserjacks26 @tommbartonn Bu knows best httpstco59B3Iepdul
2018-04-23 17:33:29,@ryanfair42 @RonanRattray School was dugshite just piss easy
2018-04-23 17:33:29,Adding lots of photos from trip to La Vegas on Instagram stories if you want to have a creep - florenceandmary httpstcoGVFsvsvM1I
2018-04-23 17:33:29,@LSFAGirls If you dont rate the match official then report them but surely resorting to explosives is a little excessive
2018-04-23 17:33:29,@NewtonRugby Bring it home boys
2018-04-23 17:33:29,Sorry
2018-04-23 17:33:29,I just wanna go hommmeeeeeee
2018-04-23 17:33:30,Yes I bought pink trousers yes Im going through a mid life crisis
2018-04-23 17:33:30,@steve_westlake @edjbell Aye mate Same here Place still celebrating the double save and we go and score at gallowgate 
2018-04-23 17:33:30,Paid for a 1815 spin class Its 1826 and Im in bed with a book 
2018-04-23 17:33:30,@JasonS281 You can count on my support
2018-04-23 17:33:30,@Mr100dates @Eve_Says_So @mushroominator Maybe go to things like that with your friends or with women youve got mo httpstco9Krzh9MqzB
2018-04-23 17:33:30,@silverrich39 Its just a song I havent come across but he tells a story when he sings
2018-04-23 17:33:30,@_supertiebreak Haha thank you  Starting was the hardest but once I die the stress kind of subsided a bit becaus httpstcoszlpHDOZSq
2018-04-23 17:33:31,@PiedaTerreUK new cocktail bar free martinis with mayfield_gin #MartiniMonday #PiedaTerre httpstcoVLM4YPTZSE
2018-04-23 17:33:31,Does Nagelsmann play the attacking football httpstcoFfmzGwhm9c
2018-04-23 17:33:31,@SkyNews Moon
2018-04-23 17:33:31,@sayasajo @JoAlex_tweet @nikkiebaer47 @StephanieZiege3 @BibiBou1311 @csiangelique @tm9013 @fee878 @MairyLeo httpstcoiC5Yyc2X3c
2018-04-23 17:33:31,Probably the most fried hing Ive ever seen  httpstcotRWvs4GR8G
2018-04-23 17:33:31,@xnic_annex I know with me most drs are reluctant to perform surgery on me and I am too now But for many I know httpstcogSWb6oEIj4
2018-04-23 17:33:31,ffs shes a lost cause httpstcoU5igQdftfH
2018-04-23 17:33:32,Come and celebrate our networking 1st year  We have hosted these informal and social network events once a month s httpstcojh4hVrO5Na
2018-04-23 17:33:33,@sibley_francis Animals lad arent they absolute scum of the earth
2018-04-23 17:33:33,@Barringer_A It will continue to be on Saturday Dont panic
2018-04-23 17:33:34,When are we going Anyone anyone httpstcoUVFsXfAO7K
2018-04-23 17:33:34,@katieuevans @pollymackenzie If I wanted to be colouring in on double sided paper I would probably go for a pencil httpstcolIhVszYT6C
2018-04-23 17:33:34,@jaaaytrapp Deffo but I try and be veg in the week lols
2018-04-23 17:33:34,#DDvKXIP just started trending with 16940 tweets More trends at httpstcodo7Hdxwcnc #trndnl
2018-04-23 17:33:34,Gawd help us httpstcol5dZS2zGOs
2018-04-23 17:33:34,Addicted to watching the @ITVChase is this normal
2018-04-23 17:33:35,@mylifemysay @alongland1 @lennylevent @metecoban92 @appg_brexit @Youth_Forum @cllrjoeporter @UKYouth @OFOCBrexit @ukyv Great stuff
2018-04-23 17:33:35,@NealMartin10 @Henry14Kay @jasperlfc @joanne_argent @LeroyEdwards8 @betyzapi @marcialynnjones @karanhindocha8 httpstcogMiOQObHw1
2018-04-23 17:33:35,@lstwrd Iona institute are funded by the state
2018-04-23 17:33:35,@le_pabi Lol I didnt say she will die from my comments tho  My goal was for her to see httpstcoP5qHFY5BJh
2018-04-23 17:33:35,@SPRinNYC Cheeky bastard
2018-04-23 17:33:36,@bemyvbaby @notearzleftocry @PopCrave @selenagomez There are so many people in the world who wear their hair like t httpstcoISq9imDht4
2018-04-23 17:33:36,How the hell could they get Kate looking so perfect less than 8 hours after giving birth   The woman needs to put httpstcoO8rph337oF
2018-04-23 17:33:36,Best bit about this is the telephone number  httpstcoD8VrN28R4w
2018-04-23 17:33:38,When you jump of the bunk bed onto a plug httpstcozhnitLyBpR
2018-04-23 17:33:38,My name is #LeedsDigi18 and Im trending for the third time in a week httpstcoQFLJYelzVn
2018-04-23 17:33:38,@ChukaUmunna How long has she got Tick tock
2018-04-23 17:33:38,So the sun has decided to play hide and seek again and if thats left you dreaming about your httpstcoMvSSOX3izg
2018-04-23 17:33:38,@CharteredColl @CatScutt Partnership critical to success to making a difference httpstcoWaLQq1GsNr
2018-04-23 17:33:39,@PeteDobo83 @jimhadadream Dont think it was in manifesto before last year
2018-04-23 17:33:39,@lucy_robinsonx Cheers Lucy you will do xxxx
2018-04-23 17:33:39,Who the fuck leaves a 3 year old swimming  put the parents on trial #Rocco
2018-04-23 17:33:39,@autoclassicscom Youre quite correct there actually the sound track complements it perfectly Shame I missed it as it looked fantastic
2018-04-23 17:33:39,What a long ass day
2018-04-23 17:33:40,@zagrebista Translate
2018-04-23 17:33:40,He is known here for doing scams here he has been caught out twice thread with caution it might be true or anoth httpstcord4nTyine6
2018-04-23 17:33:40,@91stevephillips Dont tell me theyve made you the bloody Headmaster 
2018-04-23 17:33:40,Bit of a mess @TSB Ive been trying to log in to personal and business banking online and being told the details I h httpstco0lLmk29Wei
2018-04-23 17:33:40,@RebeccaEathorne My ankles swell when I think about heels
2018-04-23 17:33:40,tfl allow it
2018-04-23 17:33:41,@craig_arch Helps when u bowl like that 
2018-04-23 17:33:41,Today was the Mondayest Monday ever 
2018-04-23 17:33:42,@leinsterrugby just a question will they open the RDS or AVIVA for supporters not able to make Bilbao and make it a great occasion
2018-04-23 17:33:43,Fuck off httpstcojt8mByv7SC
2018-04-23 17:33:43,Happy St Georges day to all you English Scooter lovers httpstcoeXrPgHoQF1
2018-04-23 17:33:43,Happy Monday in the Miller House  I got a lovely thank you via @Rovers from a patient we treated always nice &amp httpstcolR5ZsYNssv
2018-04-23 17:33:43,@birderjack Great pics Jackie well deserved 
2018-04-23 17:33:43,Thats Monday done
2018-04-23 17:33:43,@jacflaherty Where you going 
2018-04-23 17:33:44,@SkySportsPL how the fuck has he got away with that  so its ok to punch to dig someone in stomach these days  laughable from the fa
2018-04-23 17:33:44,@KayBurley Enough
2018-04-23 17:33:44,the last pic its me 10mn ago httpstco5R13QdJ7G9
2018-04-23 17:33:44,Because you only interact with the fans that sent you money thats why httpstcoV69AMqLOpn
2018-04-23 17:33:45,Kate looks bloody good for just giving birth I genuinely looked like Id been on drugs for months &amp felt like Id been hit by a bus
2018-04-23 17:33:44,4th run in a week done httpstcoXmmQ3Rjxnh
2018-04-23 17:33:45,@premierinn How do I claim money back for the good night sleep guarantee please
2018-04-23 17:33:45,@EnglishHeritage Had a wonderful time #GoodrichCastle yesterday Top off with a delicious cheese scone httpstcoMHs5vE4gFk
2018-04-23 17:33:46,@terrytastic You can kill me anytime bab
2018-04-23 17:33:46,@WaleJamie Nope I would have got you some nice tops #lionbrand
2018-04-23 17:33:46,@Ccg123ccg Youre crazy Its peng
2018-04-23 17:33:46,I wish Nintendo did their preorder bonus with digital downloads 
2018-04-23 17:33:46,My love of boomerang and bikes is borderline unhealthy #bikes #bike #cervelo #park httpstcoGhI2s6QKhl
2018-04-23 17:33:46,Banking still down httpstcoF1wcwcapfL
2018-04-23 17:33:47,Starbucks #london #followme #like4like #liker #likes #l4l #likes4likes #photooftheday #love httpstcoKe8VXSPqRs
2018-04-23 17:33:46,Which thumbnail httpstco748GQb0Q9z
2018-04-23 17:33:47,@Kouper_11 @catmancatman864 Theyll get 12 from Greece - Quality production this year though
2018-04-23 17:33:47,Those Royal motorbike outriders must have a hard time when hes in his helicopter
2018-04-23 17:33:47,Chuck IIs are essential gig attire
2018-04-23 17:33:48,Wish I had a holiday to look forward to
2018-04-23 17:33:48,@angelus2 @Bazbox83 Think Barry is on about Miguel Delaney
2018-04-23 17:33:48,my little brother asked to see cat in 2018 so I put no tears left to cry on and he said SHES UPSIDE DOWN SHES httpstcownNTEC1PgS
2018-04-23 17:33:48,Its Monday and I need a gin httpstcoXzQg7Inpvr
2018-04-23 17:33:48,The Assistive Technology community needs to provide outreach to primary and secondary schools This will demonstrat httpstco8XctNqLJN0
2018-04-23 17:33:48,One simply does not listen to born slippy at a normal volume
2018-04-23 17:33:49,Facebook want this photo removed as it may offend No they dont Nobody is offended by a picture of St George httpstcoPCOm4qxq6A
2018-04-23 17:33:49,Get out the shower and get dry Look in the mirror and this little bastard is sitting on my httpstcojN7AbMiJrq
2018-04-23 17:33:50,Now Im safely over 1k Thanks for 1k x
2018-04-23 17:33:50,Oooff Murphy has gone  #worldsnooker
2018-04-23 17:33:50,All about the custom dishes BBQ pork Pho aka #alexspecial   #londonlunches #hungry #comviet httpstcoNE29V5BWdS
2018-04-23 17:33:50,Marvelous support by #CWU18 and @TUCNorthern for #showracismtheredcard Wear Red Day #WRD18 @FrancesOGrady httpstcosaswZDI5kp
2018-04-23 17:33:51,Everton away is it httpstcounMYNax8FB
2018-04-23 17:33:50,Happy #StGeorgesDay httpstco2ki5mwZrdw
2018-04-23 17:33:51,@jambo509 @FootballCliches Hahahah do you like Victoria beckham
2018-04-23 17:33:52,Please tell me Negan doesnt die
2018-04-23 17:33:52,@kirstav Feel better soon Kirsty 
2018-04-23 17:33:52,@OFAHCentral Saucy old git 
2018-04-23 17:33:52,couldnt be anymore relieved than I am rn
2018-04-23 17:33:53,Im obviously following the right people Only 2 mentions of something I wont mention all day
2018-04-23 17:33:53,@ceih There are some aggressively spicy popchips that I love
2018-04-23 17:33:53,@adam_tyler89 @AshvsEvilDead Oh suuuure no bloody spoiler there You FUCK  httpstcoj19R6hqolU
2018-04-23 17:33:53,Thank you for this great honour #forthefans  #MyTwitterAnniversary httpstcoFYWfZdnGKb
2018-04-23 17:33:54,@HamleysToys B Lucy #HamleysMondayQuiz
2018-04-23 17:33:53,He did it @GBlainey httpstcoFu74ozmkVb
2018-04-23 17:33:54,Sardinia from the outside #sardiaspora httpstcoIz8IWcmqiH
2018-04-23 17:33:55,@DJstewartwho I stand corrected he was Greek
2018-04-23 17:33:56,@MayorofLondon Does Emily Thornberry know about this
2018-04-23 17:33:56,Definitely not 13% fat anymore Slipped back up after a poor couple weeks
2018-04-23 17:33:56,Im absolutely raging watching these fucking meffs on the news  Embarrassment to the city
2018-04-23 17:33:56, Cricket starts again Of course no sign of the  httpstcossqlJ5Jqub
2018-04-23 17:33:56,The only news story I need to read today  httpstcoRZKh9Se8nj
2018-04-23 17:33:56,You should collab with Sharkira  Just saying @TheScript_Danny @thescript httpstcoIq8of6FgpG
2018-04-23 17:33:56,Hope Slimani starts tonight
2018-04-23 17:33:57,Happy to announce Ill be wrestling for the prestigious Premier Promotions on Friday in Lancing where I made my deb httpstcoFKKVJcGgX8
2018-04-23 17:33:57,@KathyLette You looked fantastic though 
2018-04-23 17:33:57,People judging the people who ran the marathon or tried to and could not complete it for whatever reason is a lowli httpstcoclN5cuw3id
2018-04-23 17:33:58,M O N D A Y  did you over indulge this weekend and felt like you HAD to go to the gym today httpstcoHAkpKtLxJw
2018-04-23 17:33:57,The Duke and Duchess of Cambridge leave St Marys Hospital with their new arrival a baby boy Their Royal Highness httpstco9l4DQfd2aN
2018-04-23 17:33:58,Caffe Machiatto hoses in for a 152 winner
2018-04-23 17:33:58,@TreeHouseBkshop I saw the extraordinary Almeida production last summer shortly before my mother died Both those t httpstcoHsmrkke9om
2018-04-23 17:33:58,Brenan Stradbally Co Waterford X42 E125  319000 | 5 Bed Bungalow 2042 m  21 | httpstcoaxOYl68tvc | #waterford
2018-04-23 17:33:58,You know youve hit adult life when putting on fresh bed sheets are the highlight of your day
2018-04-23 17:33:59,Aw gees a Jughead rn
2018-04-23 17:33:59,FA decided there was nothing sinister about yesterdays pitch invasion at City and that nobody was fearful of their httpstcoy6EvaNCaWr
2018-04-23 17:34:00,@MattSpracklen Hey Big Fella - Canny play man  what a free hit  #inthemix now 
2018-04-23 17:34:00,@davidlbrierley At the golf club Make it happen
2018-04-23 17:34:00,@birdbrainuk @LondonBirdClub @wobblygreen @joe_beale Only had my sisters bins to hand bird looked fairly dark I on httpstcoJekXlAaaiA
2018-04-23 17:34:00, dope video httpstcopKH45Bfszx
2018-04-23 17:34:00,@OllieDeol Oh shit yeah Ive met her enit Semi fire
2018-04-23 17:34:01,@_MitchellPetrie Was thinking Id animate it but then I realized I had a life and a real job and thatd be crazy
2018-04-23 17:34:01, goals httpstcoBs7pos1O1V
2018-04-23 17:34:01,@_davidglover I called someones partner the C word in response to a person who found out their other half have chea httpstcoD0BFkuMQHK
2018-04-23 17:34:01,@katieleighmacc FOR SALE Hands Across the Sea - North America bespoke tartan framework designed to celebrate Scot httpstco13PQzSjFU3
2018-04-23 17:34:02,Wow brother  httpstcogQQajfNLcb
2018-04-23 17:34:02,Really like this design Best one so far  httpstcouBS7tDn9Ek
2018-04-23 17:34:03,Anyone want to come make terrible life choices with me I need someone to take half the blame so I can sleep at night
2018-04-23 17:34:03,@TheRythias @Myzrable_G @_aeloy_ @mattbloomer @TheMoistNoodle @Myre_Test @TheFew_Channel @dolkensp Anyone writing this all down lol
2018-04-23 17:34:03,Great result @BarrySheerman @EddieHughes4WN @APPCOG_UK now whats the next step Tibet it into law @katiehainesMT httpstcoFY53QnSw1u
2018-04-23 17:34:02,The GC in series 5 @missgemcollins httpstco0PkzEII7MZ
2018-04-23 17:34:03,#MondayMotivation #work  How can anybody be miserable when theyre covered in @gucci Always convert negative energ httpstcoUxOlOdugdr
2018-04-23 17:34:04,@TuiApril @DavidJa12189776 @MAM12CP @npaa_uk how can I not when that is how others perceive me
2018-04-23 17:34:04,@awlbix Thanks for the rt 
2018-04-23 17:34:04,@OldDaysFootball Should be a warning to all clubs if Citys money men walked away from their club they would be in the same place 
2018-04-23 17:34:04,@EatDrinkEastLDN @pavilionbakery Weekend staples And maybe just cookies
2018-04-23 17:34:05,The Container Ship Ice Runner is sailing into the Solent  Track httpstcoYhmulsZh0b #IceRunner
2018-04-23 17:34:04,UB #plyometrics 4 up&ampcoming swimmer Caleb Mackey Focus on combining mechanical model spring like action of SEC &amp httpstco4oelFbXmw1
2018-04-23 17:34:05,Meeting the winner of the London marathon and the best marathon runner in the world takes some beating httpstcoNCLEbYSWy8
2018-04-23 17:34:06,@abbiejenkins96 @3003Rob @Caerlynydd @rugbyPhilBB @DanThwaite @Wyn18028668 @longy717 @mike_hancock13 @dairoberts85 Well said Abbie
2018-04-23 17:34:06,Sorry but how good does Kate look  httpstcolsxuDPZY8c
2018-04-23 17:34:06,@getbarenaked Very jealous of my daughter and her fianc getting to see @barenakedladies again tonight after the ex httpstco4sO2fiiqLA
2018-04-23 17:34:06,@finlandinuk - 23rd April @CamillaThurlow im Scottish &amp I also help people in need @indigovolunteer  Stay in touc httpstcoC7RMQGoqw1
2018-04-23 17:34:06,108 watts 95% Battery = 19kWh httpstcos7Wp2GgNST
2018-04-23 17:34:07,I hav taken 2 not watching tv today mainly cause I cant think of anything to watch Usually when Im in this predica httpstco4DckdnjqWL
2018-04-23 17:34:07,@rebecca_barrows I bet its a hideous number
2018-04-23 17:34:08,Fallen  asleep then woken up 6hours  sleep I had since Wednesday is kicking in 
2018-04-23 17:34:07,We had lots of fun splashing about on the canal @AckersAdventure httpstcoqN70r62Fwi
2018-04-23 17:34:08,@hewett_poppy Bitch
2018-04-23 17:34:08,Still cant get into The Unbelievable Truth I keep trying   Doesnt happen
2018-04-23 17:34:08,Oh hey @Ashbash_hmj welcome back 
2018-04-23 17:34:09,taser or pepper spray the fuckers 
2018-04-23 17:34:09,@thePEdiary @PEMissWood @ScottMills89 @RoundersEngland Yeah totally agree - theyve made drastic changes where they httpstcoWPkovtHGPX
2018-04-23 17:34:09,@pogform The scene where Aamin Marritza breaks down is a personal favourite httpstcoBxW2LqMFZR
2018-04-23 17:34:08,A 2015 Mini Cooper S twin turbo with 21k miles and used for short journeys   Full Diagnostics  Engine Carbon httpstcoeAhvaNWHLZ
2018-04-23 17:34:09,@MarcBenamram @HKane From a club that still employs Flanagan
2018-04-23 17:34:09,JANE THE VIRGIN NEARLY GAVE ME A HEART ATTACK WITH THIS FOCKEN PLOT TWIST I AM LIVID MY UNBORN BABIES ARE QUIVERING
2018-04-23 17:34:09,First picture of Prince William Kate and their new baby  httpstcoRUFrasdFAw
2018-04-23 17:34:09,A great celebration of art in all its forms httpstco0z15w5OU4r
2018-04-23 17:34:10,Good luck to our ladies who have their first match tonight away at STEPPS LTC  @tennisscotland
2018-04-23 17:34:10,Shoulder status still sore as fuck Occasional numbness and also pins &amp needles in right hand   I might actually to go to doctor
2018-04-23 17:34:10,@nowthisnews I feel sorry for people judging other people based on age and looksconfidence intimidate bla bla people
2018-04-23 17:34:11,Only to loser loool httpstcolREwQ8QC22
2018-04-23 17:34:11,BBC News - The vetting files How the BBC kept out subversives httpstcoMDnz5dwz2a @traceyej
2018-04-23 17:34:10,This looks so cool and I want something similar but Im too much of a wuss  httpstcoM8BfTLQcvc
2018-04-23 17:34:11,@VansAttack stolen last night b44 Birmingham area few tools in but its our transportation for work YR12BTO  please httpstcoDjVq7mM0S2
2018-04-23 17:34:11,Rachel Sinclair @rachelsinclair is now trending in #Liverpool  httpstcoENjUN0Atgl httpstcoZHMUgm0Kgh
2018-04-23 17:34:12,@CaitlinDavies2 Love it
2018-04-23 17:34:13,@dads_running @UKRunChat I did indeed So nice to have some pace back I just need to find a way to build it all together 
2018-04-23 17:34:13,@Saints_Panel I reckon that @SouthamptonFC need sponsoring by Viagra we cant get past a semi and are having trouble staying up 
2018-04-23 17:34:13,@MumGooner @VernonFGunn You do know what youre saying To bugger is to fuck someone up the arse So a resounding httpstcolAyMrRpQtz
2018-04-23 17:34:13,@Myzrable_G @_aeloy_ @mattbloomer @TheRythias @TheMoistNoodle @Myre_Test @TheFew_Channel @dolkensp You can be keeper
2018-04-23 17:34:14,@Scottmcnair12 @MasterJediMara @IronWolf714 @MaraRanger @TheJedi_Council @strmtrooperpete @SmMarwood @Tulay_81 httpstcoh1pnEPlPN1
2018-04-23 17:34:14,Realised I forgot to update on thishe told me early into the date that hed done a line before coming to meet m httpstcoZbdi3q3r6j
2018-04-23 17:34:14,Public being urged to get behind the #SaveFermoyWeir Campaign httpstcoUyviSUHoOj
2018-04-23 17:34:15,@nyamujeremy @DVATW You dont want to give preferential treatment if women insist on being seen as equal  Well survive
2018-04-23 17:34:15,Narrowing the curriculum away from art and design is a dangerous path claims @normanlamb especially as the cre httpstcopB7xhm8v5b
2018-04-23 17:34:15,Its been an pear-ly long day and I just want to be oraaaaaate httpstcoiFRSjZ5uud
2018-04-23 17:34:14,Hello I am Oliwia and I have a hamster and a Chihuahua Love em so much httpstcoXjdaHdkWiA
2018-04-23 17:34:15,Hi @DannySaunders77 Im looking into the draw for a #ncfc football run by @NorwichRaffle - did you buy tickets If httpstcorNpVPDpMvH
2018-04-23 17:34:16,Just got to Manchester and its raining Had to unpack a coat
2018-04-23 17:34:16,@TheEmmerdaily @Vanessabooty1 @abbymarks @janeewilkinson Aw how did we forget that one 
2018-04-23 17:34:16,In position for tonights evening session of the World Snooker Championships Im watching Barry Hawkins v Stuart C httpstcoIAM4gVqqQj
2018-04-23 17:34:16,Umm Im not sure versatility is a good thing with beef I mean in what way Gotta say I really like my beef to b httpstcou8ejXfLT8h
2018-04-23 17:34:16,An original signpost on the old A30 I only did 7 miles though #cycling httpstcoyTtIX87ufu
2018-04-23 17:34:18,@Drury83 Great
2018-04-23 17:34:18,@SkyUK neither of my Q boxes are letting me download any episode from the first season of Westworld Selecting SD b httpstcoJEXBPJzhra
2018-04-23 17:34:18,The Excitement is building  As We Gear Up For  #SocaFrenzy GIRLS GONE WILD FETE &amp Xtreme Mas httpstcoktoQSZEFob
2018-04-23 17:34:18,@igebuster Lol like transitions lenses p
2018-04-23 17:34:18,@thesilverfox971 @TheRodCooper @TheSun Whats one more
2018-04-23 17:34:19,@seddo31efc Keep up the good work mate My missus is currently on way now taking my 13month old Betsy to AnE God h httpstco7WU5rSllv3
2018-04-23 17:34:19,@NAYouthServices @North_Ayrshire @naYoYPa @YOYP2018 Wrong Lorne it was me  does that make me an #unfeartie now
2018-04-23 17:34:20,There we go feel better now httpstcoqCrdldMVU6
2018-04-23 17:34:20,@tommbartonn @ItsAbuu @fraserjacks26 Seconded
2018-04-23 17:34:21,@robynboyd_ Goals
2018-04-23 17:34:21,@xnic_annex Aw thank you Now its gone back to winter ha ha xx
2018-04-23 17:34:21,Second game in competition and a second win Pity I joined the league with only two games left to play At least I httpstco8cKZEMgHSx
2018-04-23 17:34:21,@KirstieMAllsopp @VisitEnglandBiz @dunsterofficial Oops sorry wrong Kirsty should have been @KirstyAllsop but Im httpstcoCmKMULa52u
2018-04-23 17:34:22,@RuthDavidsonMSP Thought you disliked people on benefits
2018-04-23 17:34:22,Hey guys heres a snippet of my new cover of Jealous by @labrinth  For the full video click on the link below httpstco26xpJE51ru
2018-04-23 17:34:22,Just found out my song Ode to an angel has been added to someones playlist with the likes of @benhowardmusic httpstcoev1TQwy8nW
2018-04-23 17:34:22,@petermckinnon @YouTube Good job dude Inspiring to see you thriving in your journey makes me want to keep filming
2018-04-23 17:34:23,@JillLascelles If Jamal scores jills on the pitch
2018-04-23 17:34:23,@tompeck Blaming fans for 8 years of mediocrity Melt
2018-04-23 17:34:23,**Here is our Gorgeous Bride Chloe Or should I say Mrs Philpott with her Groom on their httpstcotOsJlrJMV3
2018-04-23 17:34:24,@SkyNews Thank You for Brilliant coverage of the Royal Baby No other channel does a better coverage than @SkyNews httpstcoSo4A0PNRBV
2018-04-23 17:34:24,Congratulations Wonderful news  #Royalbaby httpstco1ijsQv2IHj
2018-04-23 17:34:23,@HotpointUK 4th time lucky 3 defective cookers  three months to sort it out Very dissatisfied httpstco6PPXm2ZU1B
2018-04-23 17:34:24,@tastecard Sorry but I think its wrong to use this joyous occasion for your advantage
2018-04-23 17:34:25,melwood &amp francesco are now trending in #Liverpool  httpstco1AQRtkAeaO httpstcoGL66SX5EqK
2018-04-23 17:34:25,Just seen pictures of that Georgia May Foote mate oh my God what a fucking belter dirty little boss twat
2018-04-23 17:34:25,@SaintsRugby Just checking before I renew my season tickets If we finish in 9th will we still have 16 home games httpstcoI1R9Sto1j2
2018-04-23 17:34:25,22support around the course was totally amazing from the crowds and the 1000s of volunteers Special thnx to httpstco9oMVgJQLlS
2018-04-23 17:34:26,Opinion on bloop please for my crazy husband   @shalexandej @ryansbergara
2018-04-23 17:34:26,@_Jordannnnnnnn_ Glad were entertaining 
2018-04-23 17:34:25,@bearingwest @SwearyJesus I know l all the true believers that are fucking everything up will be gone httpstcoy46aIUe9rT
2018-04-23 17:34:26,Can Princess Charlotte and Blue Ivy please become friends Future Queens #royalbaby
2018-04-23 17:34:26,@RSDUK grabbed some bargains only the Blue Oyser Cult rarities did I miss #frankzappa #pinkfloyd #celticfrost httpstcodkD4CzbdRJ
2018-04-23 17:34:26,Bike thieves of course dont know the mental health of their victims Nonetheless things like this make me questio httpstcoGpy9roUoZ2
2018-04-23 17:34:26,@scribblebag @SophieGuise @chuckawallyon Thats it we riot httpstcoFsv9ZMcxTT
2018-04-23 17:34:27,Its a really cool day to be in England Congrats William &amp Kate #babycambridge3
2018-04-23 17:34:27,Looking at flights to Tirana Albania Direct from London looks good to me
2018-04-23 17:34:27,@LukeRoper Im actually buzzing at you a fellow @AVFCOfficial fan designing our kit Cant wait to see it And get httpstcoYP9Ry6EUlr
2018-04-23 17:34:27,@IsabelHardman Its a beautiful @BromptonBicycle particularly love the colour Hope you get it back soon
2018-04-23 17:34:28,Well  I survived my induction day at least  Now comes the hard work  #newjob #lovingcorporatelife
2018-04-23 17:34:27,Just 2 weeks to go till our next performance at the Waggon and Horses in Meltham on Sunday 6th May - 7pm onwards A httpstcoAxKOtb9u5B
2018-04-23 17:34:28,Sure lets just beware of general brush strokes that cast communities &amp families in a wholly negative deficit ligh httpstcohqwscvSb4j
2018-04-23 17:34:28,Absolutely farcical @Aggerscricket httpstcoDSrKJ1Adcu
2018-04-23 17:34:28,@iamantoniarose Dont worry babe its almost over  #positivevibes
2018-04-23 17:34:28,Did this lion today for my buddy Baz @ Need For Ink Tattoo Shop httpstcoot2eAMjlPz
2018-04-23 17:34:29,This looks to me like a very amateurish attempt at using Photoshop  httpstcoKylkzYhBnn